{"is_archived":false,"is_syncing":0,"likes":0,"project_base_image":"/161/cknjcutlig","images":{"1":{"preview_thumbnail":"/161/oiufqbybqs","status":5,"bright_pixel_colour":null,"description":null,"seq":1,"source_platform_human":"Desktop","top_pixel_colour":"0, 0, 0, 0.0","height":1334,"source_platform":"4","preview_thumbnail_640":null,"content_type":"image/png","is_app_icon":false,"hotspots":[{"id":14369864,"uuid":"ec625581-2003-4718-8c2a-b5192ca8c191","x":0,"y":128,"x2":0,"y2":128,"dest_img_fk":12469413,"img_owner_fk":12469413,"transition":"none","action":"click","owner_hotspot":null,"status":1,"images":[],"type":2,"location":3,"url":"https://marvelapp-live.storage.googleapis.com/serve/17ae797f2b7947de99d5a28f3ffb6a71.png","external_url":null,"delta_check":"db14d77f76d5582aedae98397c85f38f","project_hotspot_delta":null,"anchor_y_pos":null,"maintain_scroll":false,"stay_on_page":false,"version":5,"new_window":false,"smooth_scroll":false,"timer":null,"is_overlay":false,"overlay_position":1,"overlay_background_colour":null,"overlay_x":0,"overlay_y":0},{"id":14369866,"uuid":"7b9790e6-ef81-44c5-92e5-edfdb3fae00e","x":0,"y":1236,"x2":0,"y2":1236,"dest_img_fk":12469413,"img_owner_fk":12469413,"transition":"none","action":"click","owner_hotspot":null,"status":1,"images":[],"type":2,"location":4,"url":"https://marvelapp-live.storage.googleapis.com/serve/ffc475b6b8da46babfb63018780ba638.png","external_url":null,"delta_check":"58d4981d5ac387179b98a308268d8837","project_hotspot_delta":null,"anchor_y_pos":null,"maintain_scroll":false,"stay_on_page":false,"version":5,"new_window":false,"smooth_scroll":false,"timer":null,"is_overlay":false,"overlay_position":1,"overlay_background_colour":null,"overlay_x":0,"overlay_y":0},{"id":14369875,"uuid":"8d566f14-09a8-4770-c9e3-4492a442f293","x":512,"y":1232,"x2":750,"y2":1334,"dest_img_fk":12469422,"img_owner_fk":12469413,"transition":"","action":"click","owner_hotspot":14369875,"status":1,"images":[12469413],"type":1,"location":1,"url":"","external_url":null,"delta_check":"8dfee7b6adab2efc3bac1fbc6c5e9eaf","project_hotspot_delta":null,"anchor_y_pos":null,"maintain_scroll":false,"stay_on_page":false,"version":14,"new_window":false,"smooth_scroll":false,"timer":null,"is_overlay":false,"overlay_position":1,"overlay_background_colour":null,"overlay_x":0,"overlay_y":0},{"id":14370589,"uuid":"7a3bd38f-76fe-4d0b-9f1f-d48b95a166b0","x":252,"y":1236,"x2":520,"y2":1334,"dest_img_fk":12469416,"img_owner_fk":12469413,"transition":"none","action":"click","owner_hotspot":14370589,"status":1,"images":[12469413],"type":1,"location":1,"url":"","external_url":null,"delta_check":"7480edca65d101d60800ef07e6638b2e","project_hotspot_delta":null,"anchor_y_pos":null,"maintain_scroll":false,"stay_on_page":false,"version":18,"new_window":false,"smooth_scroll":false,"timer":null,"is_overlay":false,"overlay_position":1,"overlay_background_colour":null,"overlay_x":0,"overlay_y":0}],"id":12469413,"size":204234,"bottom_pixel_colour":"216, 216, 216, 1.0","status_pixel_colour":"248, 248, 248, 0.99","uuid":"9c25ea75-5518-42f4-defc-a342eb3017a2","layer_sync_uri":"","url":"/161/cknjcutlig","is_desktop":true,"name":"Messages.png","width":750,"comment_count":0,"version":21,"hotspots_delta":"dfc0a35c68d0044291ad9649e48879bc","layer_parent":null,"directory":null,"thumbnail":"/161/ywjmrotnvl","revision":null},"2":{"preview_thumbnail":"/161/hvfwoaohmg","status":5,"bright_pixel_colour":null,"description":null,"seq":2,"source_platform_human":"Desktop","top_pixel_colour":"239, 239, 244, 1.0","height":1334,"source_platform":"4","preview_thumbnail_640":null,"content_type":"image/png","is_app_icon":false,"hotspots":[{"id":14371152,"uuid":"1b78f2b5-41b7-4829-89b7-00b3bad27437","x":0,"y":128,"x2":0,"y2":128,"dest_img_fk":12469422,"img_owner_fk":12469422,"transition":"none","action":"click","owner_hotspot":null,"status":1,"images":[],"type":2,"location":3,"url":"https://marvelapp-live.storage.googleapis.com/serve/ebe98e96f1374b5ba6620e83e3c1fe40.png","external_url":null,"delta_check":"8dc020863eeca699ddd53e1d35a30497","project_hotspot_delta":null,"anchor_y_pos":null,"maintain_scroll":false,"stay_on_page":false,"version":1,"new_window":false,"smooth_scroll":false,"timer":null,"is_overlay":false,"overlay_position":1,"overlay_background_colour":null,"overlay_x":0,"overlay_y":0},{"id":14371153,"uuid":"7f81ea4f-dc19-4d2d-d680-8554e7c25c98","x":0,"y":1236,"x2":0,"y2":1236,"dest_img_fk":12469422,"img_owner_fk":12469422,"transition":"none","action":"click","owner_hotspot":null,"status":1,"images":[],"type":2,"location":4,"url":"https://marvelapp-live.storage.googleapis.com/serve/c7490511a6b8420d953429ed55825567.png","external_url":null,"delta_check":"714071b1fe4a5d19e7b87909090cf5fc","project_hotspot_delta":null,"anchor_y_pos":null,"maintain_scroll":false,"stay_on_page":false,"version":1,"new_window":false,"smooth_scroll":false,"timer":null,"is_overlay":false,"overlay_position":1,"overlay_background_colour":null,"overlay_x":0,"overlay_y":0},{"id":14371197,"uuid":"8ffe23c0-a4da-4cad-c193-5ab4095cf679","x":0,"y":1238,"x2":250,"y2":1334,"dest_img_fk":12469413,"img_owner_fk":12469422,"transition":"","action":"click","owner_hotspot":null,"status":1,"images":[],"type":1,"location":1,"url":"","external_url":null,"delta_check":"f24bd95f7d0c589062064bda45bea0ce","project_hotspot_delta":null,"anchor_y_pos":null,"maintain_scroll":false,"stay_on_page":false,"version":1,"new_window":false,"smooth_scroll":false,"timer":null,"is_overlay":false,"overlay_position":1,"overlay_background_colour":null,"overlay_x":0,"overlay_y":0},{"id":14371199,"uuid":"48caeeb0-217a-4d50-a69e-1dee3215fdfb","x":250,"y":1238,"x2":496,"y2":1334,"dest_img_fk":12469416,"img_owner_fk":12469422,"transition":"","action":"click","owner_hotspot":null,"status":1,"images":[],"type":1,"location":1,"url":"","external_url":null,"delta_check":"f9874b65d6443f82462294c65d29deb9","project_hotspot_delta":null,"anchor_y_pos":null,"maintain_scroll":false,"stay_on_page":false,"version":1,"new_window":false,"smooth_scroll":false,"timer":null,"is_overlay":false,"overlay_position":1,"overlay_background_colour":null,"overlay_x":0,"overlay_y":0}],"id":12469422,"size":63253,"bottom_pixel_colour":"239, 239, 244, 1.0","status_pixel_colour":"248, 248, 248, 1.0","uuid":"c14db890-a640-4b43-9c50-143fa86c5c0c","layer_sync_uri":"","url":"/161/wtbosyukbn","is_desktop":true,"name":"Profile.png","width":750,"comment_count":0,"version":17,"hotspots_delta":"0b171f90ad04c5a36f89d0e07f92d079","layer_parent":null,"directory":null,"thumbnail":"/161/foyiawcbaz","revision":null},"3":{"preview_thumbnail":"/161/gistewryam","status":5,"bright_pixel_colour":null,"description":null,"seq":3,"source_platform_human":"Desktop","top_pixel_colour":"239, 239, 244, 1.0","height":1334,"source_platform":"4","preview_thumbnail_640":null,"content_type":"image/png","is_app_icon":false,"hotspots":[{"id":14371163,"uuid":"6340ee71-8faf-40cb-dc64-eac99b9ae396","x":0,"y":128,"x2":0,"y2":128,"dest_img_fk":12469416,"img_owner_fk":12469416,"transition":"none","action":"click","owner_hotspot":null,"status":1,"images":[],"type":2,"location":3,"url":"https://marvelapp-live.storage.googleapis.com/serve/878fd3b2a17d4d858ad70956ea2c623c.png","external_url":null,"delta_check":"7d2804b3eaaf543f994e2a1301fb9ab6","project_hotspot_delta":null,"anchor_y_pos":null,"maintain_scroll":false,"stay_on_page":false,"version":1,"new_window":false,"smooth_scroll":false,"timer":null,"is_overlay":false,"overlay_position":1,"overlay_background_colour":null,"overlay_x":0,"overlay_y":0},{"id":14371167,"uuid":"f9e55e5d-53a6-41df-9c35-dbb6fea58dcd","x":0,"y":1236,"x2":0,"y2":1236,"dest_img_fk":12469416,"img_owner_fk":12469416,"transition":"none","action":"click","owner_hotspot":null,"status":1,"images":[],"type":2,"location":4,"url":"https://marvelapp-live.storage.googleapis.com/serve/d1de4b5e4a4f4b3b809690416e3e1f32.png","external_url":null,"delta_check":"d63d50a1dc25e4bf9345ebff06c217a2","project_hotspot_delta":null,"anchor_y_pos":null,"maintain_scroll":false,"stay_on_page":false,"version":1,"new_window":false,"smooth_scroll":false,"timer":null,"is_overlay":false,"overlay_position":1,"overlay_background_colour":null,"overlay_x":0,"overlay_y":0},{"id":14371201,"uuid":"7ef6b731-8cd5-4569-d11f-556f5f6c689d","x":1,"y":1238,"x2":243,"y2":1334,"dest_img_fk":12469413,"img_owner_fk":12469416,"transition":"","action":"click","owner_hotspot":null,"status":1,"images":[],"type":1,"location":1,"url":"","external_url":null,"delta_check":"14791f80c2394d84059a13ae73ea99da","project_hotspot_delta":null,"anchor_y_pos":null,"maintain_scroll":false,"stay_on_page":false,"version":0,"new_window":false,"smooth_scroll":false,"timer":null,"is_overlay":false,"overlay_position":1,"overlay_background_colour":null,"overlay_x":0,"overlay_y":0},{"id":14371203,"uuid":"a759735c-2f40-4ff1-cb5b-53a15e0caf50","x":520,"y":1238,"x2":750,"y2":1334,"dest_img_fk":12469422,"img_owner_fk":12469416,"transition":"","action":"click","owner_hotspot":null,"status":1,"images":[],"type":1,"location":1,"url":"","external_url":null,"delta_check":"282470029e26cb8cdd84e22e9ffbe9a5","project_hotspot_delta":null,"anchor_y_pos":null,"maintain_scroll":false,"stay_on_page":false,"version":2,"new_window":false,"smooth_scroll":false,"timer":0.0,"is_overlay":false,"overlay_position":1,"overlay_background_colour":null,"overlay_x":0,"overlay_y":0}],"id":12469416,"size":93446,"bottom_pixel_colour":"239, 239, 244, 1.0","status_pixel_colour":"248, 248, 248, 1.0","uuid":"0ba486ff-3ca4-46e8-c20b-3c3c04b887bf","layer_sync_uri":"","url":"/161/taoaisyusu","is_desktop":true,"name":"Purchases.png","width":750,"comment_count":0,"version":17,"hotspots_delta":"97c5eccbaa4483543d4565d8a09f8694","layer_parent":null,"directory":null,"thumbnail":"/161/ibjswzmsno","revision":null}},"project_image":"/161/vfeskpizoy","vanity_url":"/161/elcapkypkf","cursor":"","uuid":"3c22ad2f-d6f2-42ac-a4dd-7bd574fc3453","sync_started":null,"total_size":360933,"is_deleted":false,"bright_pixel_colour":null,"team_icon":null,"state":1,"sequence_delta":"d2bd0cec5ea7d776cc9e9e5c397a8457","id":698799,"sync_ended":null,"version":1,"hotspots_delta":"82418e1f38a07d3b333b7baa3111574c","explore_url":"/161/brhwdkdqkd","embed_url":"/161/elcapkypkf","description":null,"views":0,"num_images":3,"human_url":null,"isprivate":0,"owner_fk":222396,"password":null,"properties":[{"id":13545606,"name":"ui-prj-show-hints","value":"0","description":"Show hints on prototype","uuid":"663d228a-8ddd-4b5f-b906-6d749a028e0a","read_only":false},{"id":13545591,"name":"ui-prj-status-bar","value":"0","description":"Set status bar background colour","uuid":"19463edb-a4f3-41ee-99ca-fb771b1db6f2","read_only":false},{"id":13545592,"name":"prj-lookback-ever-enabled","value":"0","description":"Lookback ever been enabled for this project","uuid":"543fa3d5-9f94-40f9-9675-4cb31640f003","read_only":true},{"id":13545590,"name":"prj-comments-ever-enabled","value":"1","description":"Comments have ever been enabled for this project","uuid":"d6eb6775-7fb3-42e6-9f51-5d9b0c99514b","read_only":true},{"id":13545603,"name":"prj-lookback-enabled","value":"0","description":"Enable Lookback for this project","uuid":"0c720696-734f-4bd4-9f52-ed97471caea5","read_only":false},{"id":13545594,"name":"ui-prj-responsive","value":"0","description":"Set images as responsive","uuid":"77c4b96b-0c77-422e-98d0-397fcfbb5887","read_only":false},{"id":13545595,"name":"ui-prj-thumbnail-width","value":"0","description":"Set thumbnail width for project view","uuid":"acb5a7d9-b7b0-44af-9677-8270989c7fa4","read_only":false},{"id":13545599,"name":"ui-prj-retina-scale","value":"0","description":"Scale images to half their original width for retina images","uuid":"fe34972e-0a39-4697-a74e-fe858e4d0c39","read_only":false},{"id":13545598,"name":"ui-prj-center-image","value":"0","description":"Center image instead of aligning left","uuid":"520feb6e-2fa0-41c8-aaa3-3db34b53ba3c","read_only":false},{"id":13545593,"name":"ui-prj-background-hex","value":"FFFFFF","description":"Set background colour for prototype preview","uuid":"d53d3805-5490-4740-8cef-4a121c8f55b8","read_only":false},{"id":13545588,"name":"ui-prj-frame","value":"iphone6-frame","description":"Set phone frame","uuid":"07f09bf8-d319-47e2-aed6-21d21a0ff32a","read_only":false},{"id":13545600,"name":"ui-prj-prototype-background-hex","value":"FFFFFF","description":"Set background for prototype background","uuid":"2c302040-b977-4771-b737-3da37afbcf45","read_only":false},{"id":13545601,"name":"ui-prj-disable-swipe","value":"1","description":"Disable prototype swipes","uuid":"fdc08f23-a51e-4b6f-8e39-37935816f789","read_only":false},{"id":13545602,"name":"ui-prj-center-overflow","value":"0","description":"Center images and hide overflow on non-responsive images","uuid":"3eb7b91e-5ee5-4dcd-963a-a4a0cbaaa4cd","read_only":false},{"id":13545596,"name":"ui-prj-remove-status","value":"0","description":"Removes status bar on project","uuid":"b9fa9b29-75a9-4414-beae-7b458f5dd684","read_only":false},{"id":13545604,"name":"ui-prj-disable-frame","value":"0","description":"New site features for user","uuid":"9af98676-c726-4a64-8fb4-a6005e87f493","read_only":false},{"id":13545589,"name":"prj-comments-enabled","value":"1","description":"Enable comments for this project","uuid":"f6729f85-ea44-42b6-a44f-8896a182950e","read_only":false},{"id":13545608,"name":"ui-prj-frame-colour","value":"black","description":"Set phone colour","uuid":"c287f6ac-7bde-47d8-9cf8-7699c5756268","read_only":false},{"id":13545605,"name":"ui-prj-orientation","value":"portrait","description":"Set phone orientation","uuid":"07756c02-5c08-4783-ac9b-29c3c568c4b5","read_only":false},{"id":13545607,"name":"ui-prj-explore-background-hex","value":"#000000","description":"Set background colour for explore view","uuid":"928d78ca-a379-41df-8ee3-2441dc75dc55","read_only":false}],"app_icon":null,"canvas_images":[],"published_time":"2016-05-21 09:21:48","name":"ExampleApp","date_modified":"2016-06-09 12:25:38","team_fk":null,"team_uri":null,"published":false,"date_created":"2016-05-21 07:42:43","is_pro":false,"resource_uri":"/project/698799/"}